,1960,1961,1962,1963,1964,1965,1966,1967,1968,1969,1970,1971,1972,1973,1974,1975,1976,1977,1978,1979,1980,1981,1982,1983,1984,1985,1986,1987,1988,1989,1990,1991,1992,1993,1994,1995,1996,1997,1998,1999,2000,2001,2002,2003,2004
Afghanistan,,,,,,,,,,,,,,,,,,,,,2.051582069,2.76977953,1.348272708,1.784349037,1.753888838,1.196233741,1.434565271,0.927842184,-0.50774596,-1.058827985,-1.89989035,-2.212605755,-5.024386165,-7.685788675,-8.758482512,-9.681010064,-9.735691165,-7.832190451,-6.703746843,-7.435903039,-12.17249176,-13.75583748,-9.628362483,-6.379329461,-5.494353425
Albania,,,,,,,,,,,,,,,,,,,,,,,,,,,,,,,,,,,,,,,,,-0.272994005,6.70647696,11.15558314,8.317806499,6.722060866
Algeria,,,,,,,,,,,0.939707877,0.821342037,5.814123563,3.02807754,0.680566393,-0.243794073,1.656937862,1.092053562,0.997794112,2.562178512,1.679549305,2.517510264,1.113916333,1.776304451,3.050559695,3.186156598,2.83325266,3.330103173,2.305711845,0.549572989,0.973035393,1.206351432,0.847211619,0.287644515,-0.435504602,-0.245647398,-0.407904941,-0.834492424,-0.116492512,0.058707564,0.324175526,0.335679408,0.187645864,0.988286045,
Angola,,,,,,,,,,,,,,,,,,,,,,,,,,,,,,,,,,,,,,,,,,,,,
Antigua and Barbuda,,,,,,,,,,,,,,,,,,,,,0.409238944,0.591314613,0.681638633,3.488448976,3.326348851,4.408944469,5.963481657,5.227518042,7.425506015,6.613213092,7.203760245,7.323007554,7.093591318,5.423616133,5.818845374,4.834668525,4.673061332,5.13012448,3.491284626,3.47911286,2.682820168,2.948391361,3.19607074,2.802896509,
Argentina,1.034709473,0.987919956,1.693886225,1.11386138,1.45621936,1.682502685,1.543136477,1.413496178,1.254853602,2.751209257,2.168186651,2.116172001,2.24179381,3.040527271,2.80622438,1.719684706,1.663970145,1.900811552,1.147135241,1.056374105,1.045319115,0.132329541,-0.464501742,-0.458218889,-0.744475145,-1.428912826,-0.583062189,-0.871745101,-0.891068603,-2.330266225,-2.686303336,-1.018506885,0.575226031,0.805641635,1.10267985,1.653031523,1.359092527,1.89014734,2.603356347,3.188898236,3.248900133,1.624811862,-0.501000176,-0.349825309,-0.020874088
Armenia,,,,,,,,,,,,,,,,,,,,,,,,,,,,,,,,,,,,,,,,,,,,,
Australia,1.531285307,1.495082278,2.59397269,2.179423928,2.090947439,1.95406543,2.509567438,2.713968619,2.884724451,2.871623878,3.130105677,3.502189194,3.27943146,3.158728731,2.496084407,2.568423157,2.469650289,2.342936744,2.026951762,1.787880137,1.752100131,1.748978252,1.311042061,1.239266546,1.694766939,1.915403223,1.732815434,1.987395705,1.848383134,1.971995038,1.583006431,1.283594996,1.742371684,1.708334295,1.764613476,1.696170849,1.89190848,1.883066882,2.098839453,2.135306773,2.377418865,2.673908836,2.687171697,2.724652901,2.434976645
Austria,5.419928956,5.258347805,5.51304676,5.532958094,5.225725447,4.486634916,4.648579927,4.281329585,4.299002871,4.548820997,4.094721043,4.084250968,4.478306734,4.616814321,4.425480135,4.149003852,4.122759301,4.388660808,3.820216243,4.066368139,3.458937801,3.02821128,2.640384992,2.429238454,2.132102368,2.461302269,2.145553692,1.774315189,2.288441966,1.898555486,2.225910973,2.426487955,2.384047942,2.074206225,2.158279781,1.994369303,2.029927382,2.079918421,2.081207683,2.007092882,1.967532629,1.793201973,1.706536191,1.837290519,1.926890683
Azerbaijan,,,,,,,,,,,,,,,,,,,,,,,,,,,,,,,,,,,,,,,,,,,,,
"Bahamas, The",,,,,,,,,,,,,,,,,,,,,0.687293052,0.257297769,1.12550528,1.069314243,3.14906025,5.249890051,4.976606614,4.788527026,3.685867237,2.584710042,1.349762968,1.383379507,0.161785615,-0.621825545,-0.435213456,-1.01374898,-1.266849523,-1.796480008,-1.811093979,-1.853592375,-0.779275813,-0.617159087,0.236896196,0.555809094,0.536325006
Bahrain,,,,,,,,,,,,,,,,,,,,,4.566036291,4.071226534,4.402380049,5.033625536,-0.338283893,-1.75342894,-2.31281304,-3.160322697,-1.765871988,-1.303645591,-0.727932368,-0.620239839,-0.379505883,1.066273248,-0.821518699,0.768915039,0.786436533,0.818918686,0.362089226,0.807353327,0.818874646,1.555563062,0.997171667,-0.017939021,
Bangladesh,,,,,,,,,,,,,,,,,,,,,,,0.349488846,0.443951098,1.293646599,0.409337607,0.938074363,0.656793627,0.922715235,1.376915123,1.615442412,1.906922865,1.905311691,1.939357839,1.69530949,1.538020746,1.887079952,2.05754443,1.634734515,1.515515774,1.588575948,2.111543856,2.425349959,2.527488639,
Barbados,,,,,,,,,,,5.253506202,5.084250161,4.672855505,4.963113453,4.982062443,3.601704816,3.148169272,2.534679895,2.838827209,2.375377651,1.502409686,0.688928019,0.303458779,0.596722113,0.915161431,1.550462687,2.4278567,2.331058756,1.936583288,1.247679573,0.781620047,1.070428974,0.823715438,0.313739602,0.00549597,0.418542394,-0.086922834,-0.190651528,0.01465503,0.239108595,0.990521771,0.783097464,1.180346409,1.698422789,1.60998764
Belarus,,,,,,,,,,,,,,,,,,,,,,,,,,,,,,,,,,,,,,,,,,,,,
Belgium,2.49937645,2.596478168,2.903306454,3.075315226,3.306779575,3.238951294,3.259510476,3.472592693,4.032419754,4.376019193,4.470806192,4.363308111,4.357568262,4.533271308,4.306674111,3.852182651,4.130987797,3.844728665,3.733303503,3.353825971,3.186207644,2.769013985,2.337514083,1.745759423,1.608833061,1.942147132,1.575530746,1.737846184,1.934102299,2.039322797,1.924327593,2.143617289,2.212187957,2.058054705,2.082072144,2.137005939,2.029398153,2.117267157,1.799325119,1.733330462,1.793813595,1.721580888,1.715341187,1.919656001,1.876114725
Belize,,,,,,,,,,,,,,,,,,,,,5.535783207,3.73537258,3.878675338,2.941694526,1.63312027,-0.257412626,0.63374964,0.655057652,-0.907983339,-0.773134014,-1.308678565,-0.398216432,-0.089733473,0.938388432,2.419870659,4.392594399,3.547789659,3.092606599,2.901164192,2.260745262,1.526010925,2.260558397,2.34763261,2.361345186,1.420187462
Benin,,,,,,,,,,2.063507722,1.412672122,1.576005148,3.453039153,3.037188094,2.60842765,1.305887571,1.257599998,-0.20717549,-0.758072732,-0.272059687,0.193055003,-0.164845344,-0.594183411,-1.295558915,-0.934247141,0.276776421,-0.047505315,0.955852304,1.284441737,0.06600687,-0.34498968,0.207494176,-0.381217971,0.426558479,-0.138786873,-0.535194735,-0.076800548,0.554310328,0.740863689,1.267594951,1.432247314,1.359639677,1.545305889,1.795267165,
Bermuda,,,,,,,,,,,,,,,,,,,,,3.319346505,2.537353814,2.629655328,2.593386109,2.501839924,2.099458528,1.730802068,2.034800675,1.95984411,1.219526991,0.538896342,0.875051775,0.336860902,0.541884605,0.672486952,0.565707456,0.579932883,0.388885956,0.398024224,1.108722582,0.737584168,0.771057191,1.190079686,1.446998336,
Bhutan,,,,,,,,,,,,,,,,,,,,,5.804661297,5.716464564,5.788072955,5.907685916,6.432232866,5.552306251,6.134820432,7.402710981,7.23874526,5.833979376,3.795356116,3.828800757,3.568187859,2.916344589,2.58872948,3.723333916,3.261341826,2.952769828,3.528030318,3.27716302,3.515832574,3.343687335,3.630309732,4.545767098,
Bolivia,-1.699533271,-1.964010304,-1.993549134,0.03603064,0.419879156,0.632861,1.672764023,2.268206848,0.726802656,0.825831952,0.538932453,0.49385625,0.909080653,0.822407864,0.854184931,0.703211773,0.829814893,0.612279902,2.021890984,1.939919795,1.945785129,1.687273928,0.942148488,-0.379785552,-0.770681766,-1.406805785,-2.369594842,-2.404546652,-2.127843726,-2.027479647,-1.742182056,-1.517337505,-1.127423674,-0.109956501,0.292299132,0.759301386,1.359959283,1.288969478,1.321688472,1.320977387,1.268777434,1.220550527,1.334620334,1.265550129,
Bosnia and Herzegovina,,,,,,,,,,,,,,,,,,,,,,,,,,,,,,,,,,,,,,,,,6.353593527,8.831599744,12.47678067,15.19649365,
Botswana,,,,,,,,,,,,,,,,,,,,,8.847810626,6.790577029,7.067230909,7.230028917,6.076975978,5.844285849,5.774460771,5.7687761,5.646205836,6.716047456,6.914475818,8.107860633,6.856838445,5.58804541,5.72171489,4.477643448,4.535848159,4.252395198,4.01660524,1.925227199,3.009439379,3.145756883,2.617628064,3.285205148,4.365012862
Brazil,4.00401527,4.884043011,4.426506952,4.291361424,4.025710654,3.907507824,3.832832414,3.520159706,3.930073328,3.882735371,4.061641452,3.7430294,4.39014917,5.040707904,5.406757081,5.536611834,6.232584703,6.051528746,5.398399628,5.483164259,5.309331557,4.003536294,3.137270179,1.640514542,1.386326461,1.741553956,1.600802238,1.902235589,1.602484417,1.493592659,0.244115714,0.758881725,0.613159243,1.280325545,1.425539709,0.568652616,0.05023584,-0.259347073,-0.163043524,-0.443443839,0.514091272,0.462712318,0.418310341,0.618271199,
Brunei,,,,,,,,,,,,,,,,,,,,,4.298185673,1.448728797,0.81214091,0.195484207,-0.456452543,-0.6805612,-2.712336783,-3.560871067,-4.09817534,-6.080329078,-5.01576635,-2.329077953,-2.514825669,-2.64569662,-2.48041648,-2.082770792,-1.294896678,-1.12497702,-0.95905504,-1.229451007,-1.141793164,-1.161962021,-0.65743924,-0.175676463,
Bulgaria,,,,,,,,,,,,,,,,,,,,,,,,,,,,,,,,,,,,,,,,,,-0.967417301,-0.02051331,0.783073625,1.920393301
Burkina Faso,,,,,,,,,,-1.170095127,-1.142943014,0.115564192,0.417827575,0.400371723,0.514970451,0.751700757,0.935096818,0.721687834,0.110335078,0.363178308,0.798749869,1.723052203,1.209674434,1.040182206,0.561643199,1.253383244,1.58877541,1.749851426,2.344375572,2.029282263,1.032391313,0.88265586,0.627548342,0.80754223,1.430004273,0.49048858,0.098922295,-0.248206619,-0.568006705,0.379109293,1.18580789,0.869096733,1.430701291,2.585468422,2.325122251
Burundi,,,,,,,,,,,1.962155301,3.762321283,2.75588694,2.627890661,2.664550665,2.297389318,3.070896762,2.943172852,2.992093545,3.600762704,1.050607194,1.479696672,1.474761668,0.653308633,0.769804705,1.443793479,0.946451922,0.189256493,1.422916618,0.684553136,1.763946001,1.667731824,1.999238091,0.460092813,-0.109838817,-0.832772227,-1.969223811,-2.109916983,-2.952783276,-1.680923531,-4.131647862,-4.22196951,-3.65645038,-1.87312129,
Cambodia,,,,,,,,,,,,,,,,,,,,,-8.274473743,-7.719538053,-7.554784291,-5.940670802,-5.629775571,-5.846339527,-6.326757553,-4.963957295,-3.554674536,-2.323906854,-1.638952158,-0.997685992,0.030572852,0.788350198,1.606830606,1.589867951,2.6623039,3.24683837,1.71570502,2.035217421,2.838819438,2.798613679,2.567344259,2.630637774,
Cameroon,,,,,,,,,,,0.083432628,-0.122704388,-0.156717133,-0.016251944,0.132060757,0.040102609,0.028648307,1.349977518,1.107796425,1.204871943,1.983093312,3.229256309,4.994361036,5.359076133,5.090202006,5.924526994,5.726011954,4.204395051,3.701015071,2.002089258,1.289003527,-0.255248855,-2.518287674,-3.527887183,-4.194577022,-4.951443206,-4.771269285,-3.032437942,-2.316027511,-1.197295236,-0.863968285,-0.084375222,0.902911238,1.7258911,
Canada,1.386794194,1.117636871,1.101614702,1.312752038,2.305859537,2.269594156,2.128922651,2.274370134,2.65211433,2.892158933,2.967255239,3.343330803,3.197028795,3.370879143,3.016945608,2.693455905,2.659383561,2.92993257,2.880325783,2.785257044,2.807140784,2.560895454,1.771378732,1.483029018,1.790047703,2.021763304,1.770300834,1.814717284,1.871180105,1.752931835,1.538691796,0.971318853,1.390873808,1.312615714,1.262952888,1.119472441,1.057128173,1.144875556,1.158580411,1.512021505,2.107527228,2.559121806,2.785648434,2.745133198,2.512726479
Cape Verde,,,,,,,,,,,4.335417432,3.410021171,4.382008025,4.18558388,3.786739558,3.010618557,1.417439061,-0.325127444,-0.791159464,-0.192270601,-0.835641329,-0.177290491,-0.222371701,1.731942809,1.827406661,3.934853184,3.881222644,3.776693877,4.442016674,4.437386781,4.01871438,3.661098722,3.473866,2.958829916,2.239639368,2.524618434,2.453545709,3.525796435,3.596718175,4.22430316,5.704810296,5.032801653,5.231312193,4.895490677,
Central African Republic,,,,,,,,,,,,,,,,,,,,,-0.433525615,0.793739373,1.203834757,0.016934807,0.442775969,0.308754222,0.119821697,-0.953628297,-1.847585687,-1.217999331,-0.62487271,-0.835209107,-2.950993232,-2.271453871,-2.690081279,-2.289820047,-2.889338186,-2.107268054,-2.036469796,-0.965827984,-0.618624515,-0.216411387,1.551742313,1.486263471,
Chad,,,,,,,,,,,-1.265618611,-1.41380117,-3.491139365,-3.20004548,-2.326374177,-1.588147552,-1.116086951,-1.236327805,-1.235877947,-3.570576798,-4.510306864,-4.624809995,-3.668323325,-1.876274295,-2.231985356,-1.337843236,-1.342005084,-1.046134589,0.304030925,3.069308906,2.925042197,3.54603036,3.830294053,2.44271106,1.809292424,0.362030829,0.174746319,0.544411282,-0.08209459,-0.199995966,-0.0486503,-1.444139839,-2.267577378,0.078325187,
Chile,,1.6666422,1.577256947,0.975890295,1.898221842,1.452513113,2.492419057,2.055861862,2.01935036,2.71492041,2.072459687,2.740755044,2.321339062,1.390145442,1.37024134,-0.155327202,-0.941531438,-0.25586908,0.131037339,0.551530945,0.797948963,0.445827662,-1.002159201,-0.852847512,-0.537028503,1.065107325,1.318811938,0.937499265,0.800011079,0.891286937,0.6803204,0.854082534,3.48763998,4.528383247,4.616829967,5.511832922,5.805681723,5.94618685,5.608739668,4.691812978,4.813226348,4.440136664,3.549899241,3.334645577,3.351326472
China,,,1.067426045,1.072734373,1.994901974,2.455993794,2.105440285,1.297799395,-0.131571249,0.56445079,1.175771281,3.521354965,3.735135507,3.70684503,2.807778284,2.450154085,2.010231978,3.019254561,4.445310989,4.484072234,4.1516748,4.160799493,5.17813162,5.329730012,6.57107754,6.77813045,8.129523045,8.661455438,8.345300258,7.542783647,8.369731796,8.398918782,8.35738442,8.480072952,8.74293391,9.064785719,8.505742311,8.612312269,8.846654883,9.441410984,9.081771477,9.062602109,8.851791204,8.835665198,8.075128176
Colombia,1.303543867,1.500024706,1.430163338,1.127336375,1.234370702,1.032521321,1.230161797,1.561272147,1.858464087,1.941580915,2.143230567,2.369107682,2.538800959,2.893430637,2.779658339,2.99410636,3.104263579,3.120381354,3.532963122,3.48105788,3.350562298,2.895751786,2.332853874,1.842357907,1.711917344,1.729715627,1.746999192,1.84674809,1.400374821,1.21653952,1.216162457,1.256001085,1.492306847,1.711361954,1.805608826,2.001675764,1.953091521,1.898872882,1.656415895,1.272157999,1.113733922,0.987089178,0.904604305,0.857072518,
Comoros,,,,,,,,,,,2.107124398,1.344225824,2.176369488,-0.513486248,-0.618683528,2.317289446,1.065150867,-0.519087048,-1.03279923,-0.109788737,1.294112375,1.619611278,1.061273705,1.98620254,1.499889585,0.485062928,1.177177399,1.564855991,1.652959587,0.886097503,0.439685594,0.137794153,-0.764656881,-0.732000797,-0.612003909,-1.91485443,-2.3705953,-2.646509585,-3.326399388,-3.473732219,-3.661121013,-3.627433242,-3.140312757,-3.647852246,
"Congo, Dem. Rep.",,,,,,,,,,,,,,,,,,,,,-2.047083617,-3.02185498,-4.348091322,-4.323286302,-4.24118595,-3.563395842,-2.05541526,-1.951260091,-2.017588942,-2.724212943,-1.68432553,-2.060655955,-2.891071384,-5.514731569,-5.472652528,-6.300328823,-6.787494408,-6.689829899,-6.649027771,-7.416730432,-9.492757847,-8.981194828,-6.947854808,-2.489348435,-2.598314452
"Congo, Rep.",,,,,,,,,,,2.614177954,3.327665505,2.754245518,3.70841975,3.048642964,3.779557797,4.419808113,4.333826062,4.254809067,4.88705346,5.399558177,6.149941349,7.281818504,6.830880501,7.668081725,6.371621916,4.794370422,4.395394976,3.772147142,2.428795526,2.390859274,-0.75655144,-1.124978619,-2.905778348,-3.871836682,-2.582489277,-1.436184836,-0.856557751,0.507003124,-4.523127964,-6.959599391,-5.086459418,-5.171804116,-3.861165072,
Costa Rica,3.637701631,3.106233766,2.606372052,1.541617677,1.706541613,1.728815703,2.56701117,2.487861373,1.957979353,2.364168426,2.358650157,3.038862637,3.187113854,3.155923276,3.155549768,2.597983362,2.482804608,2.923433245,2.833990448,2.799615834,2.106465761,1.470433645,0.063332581,-0.302072049,-0.176572024,-0.366416166,-0.425389158,-1.005996771,-1.210681919,-1.15817483,-0.930720523,-0.536033639,0.902458233,1.459441266,1.366328365,1.716331835,1.656807611,1.83328626,2.173722222,2.775054807,2.763429524,2.570670007,2.143306779,2.205937554,2.094483395
Cote d'Ivoire,,,,,,,,,,,3.958499709,4.322218062,3.955693306,2.81306038,1.452136092,3.125930467,2.861885582,2.681705951,2.573070385,2.439099123,0.76777475,0.23744607,1.435725792,1.120166419,1.410950972,0.727710158,0.737120902,0.670697197,-0.189297651,0.879158537,1.313698139,0.684447731,-0.604412176,-0.530676632,-1.065749197,-1.010832331,-1.220642952,-0.981630891,-0.657228822,-1.671035615,-0.798954573,-0.468343501,-0.579275002,-0.305350684,
Croatia,,,,,,,,,,,,,,,,,,,,,,,,,,,,,,,,,,,,,,,,,-1.757821333,0.905277171,2.59523715,3.923570955,3.704065131
Cuba,,,,,,,,,,,,,,,,,,,,,3.434486313,4.748135781,5.751947951,6.097027581,6.426718131,8.28371113,8.017871833,6.909089563,6.382241737,6.180852491,6.018370794,3.954174413,1.368533947,-0.559856635,-0.649060171,-3.267718646,-3.11279621,-3.314670584,-3.322413302,-2.738625663,-1.64339466,-1.111252781,0.482229158,2.425447125,
Cyprus,,,,,,,,,,,,,,,,,,,,,4.539186765,3.8282802,3.787098439,4.209761835,6.596022302,8.412394818,6.742635522,5.930621421,5.990301658,5.770674904,5.844330999,5.494370726,5.562816151,4.82435852,4.749533167,5.245589547,5.013323293,4.440917675,3.8513397,3.849035742,3.410593018,3.875503129,3.456486602,3.803024535,3.542826184
Czech Republic,,,,,,,,,,,,,,,,,,,,,,,,,,,,,,,,,,,,,,,,,0.087663833,1.59673847,1.866096554,2.103760075,2.265872738
Denmark,2.585510952,3.577411668,3.987383824,3.357824609,3.793559299,4.343266679,4.381972809,4.317259672,4.487999672,4.199484673,3.788798554,3.400123217,3.275486771,3.610787031,2.556158523,1.962922396,2.349313905,2.127707252,1.990628393,1.724674872,1.450525778,1.025384777,0.909555486,0.79767598,1.38137846,1.98276132,1.787301183,1.700939968,1.672085724,1.38880385,1.559039181,1.898652609,1.784547161,1.523578704,1.68175863,1.603583146,1.426577655,1.74548172,1.814934601,2.016561622,2.284484877,2.201325133,2.036061434,2.140338378,1.777325532
Djibouti,,,,,,,,,,,,,,,,,,,,,,,,,,,,,,-1.833731135,-1.876238651,-3.391494152,-2.777312486,-1.722222964,-3.691164719,-1.155191948,-2.640816428,-3.204678779,-2.985802086,1.177235826,1.294907283,4.297821392,3.716333595,2.932172851,
Dominica,,,,,,,,,,,,,,,,,,,,,-2.404573195,-0.63069973,0.128917558,1.260185652,2.462947752,3.471998543,3.757518103,4.040351782,3.929444077,4.681190407,6.045918381,3.583739297,4.127300271,3.727986618,3.658324627,3.371690769,2.795781047,2.496615774,2.918681994,3.741844495,2.859007151,2.336790046,1.287585982,0.694215519,
Dominican Republic,,1.707174002,3.656489847,4.637075564,4.657412753,3.201225389,2.934088751,2.189855165,1.536795176,1.841310354,2.652566317,3.475716157,1.972504486,2.082263902,2.277113202,3.350471263,3.111213652,3.761434426,4.245851545,3.95235645,3.572316458,3.886939394,3.682666724,3.143335108,2.456763752,2.2662187,2.224330874,2.110219883,1.99244511,1.929741505,0.52921554,-0.053249036,0.570366528,0.824383157,1.27128772,1.75374586,2.233571525,2.591702263,3.208600172,3.504173469,4.623208933,4.972908405,4.556144315,3.735558688,
Ecuador,,1.924609682,1.454288878,1.443814772,1.631989935,1.516665936,1.269926266,1.379038457,1.649162462,1.389450869,1.299665478,1.506658791,2.475258252,4.362029787,4.607546998,5.070890737,5.942570618,6.207322719,6.368076598,6.59500357,6.379281811,6.438965639,5.177307286,2.625943018,1.928758674,1.494995683,0.810864943,-0.710903522,-0.234145446,-0.810558362,-1.030917307,-1.074437792,-0.883699797,-0.474549996,-0.389628312,-0.337582766,-0.329614083,0.745758869,-0.226458903,-0.240530637,-0.315633012,-0.411938267,-0.473470662,-0.299850106,0.011576584
"Egypt, Arab Rep.",1.652716781,1.373370667,0.921722689,0.600784062,2.74710323,3.158523691,2.761800676,2.764492669,2.725934754,2.97421855,2.690207833,2.444155682,2.996584865,2.616505165,1.145126715,0.588790016,1.98226224,2.694602476,2.207954932,2.365832935,3.118904289,2.943949983,2.801310063,3.779448356,3.912884501,4.581794776,3.772426477,3.295654471,3.384215523,3.411525479,2.781801828,3.21548552,3.176961134,2.825908231,2.775971871,2.757378488,3.330083764,2.885496658,3.132582194,3.084534156,2.971411815,2.794411964,2.775214846,2.868647029,
El Salvador,1.329930163,1.268377537,1.57164352,1.133661835,1.506762653,1.645543121,1.789377678,1.898584062,1.99127946,1.970050989,2.192663964,2.187333012,1.782761033,1.999221941,1.76025046,1.805090266,1.783661701,1.738380005,2.016630521,1.499440855,0.764531568,0.216089792,-0.470359859,-0.849401189,-0.824839382,-1.02713085,-1.43073867,-1.593195623,-1.933724999,-1.574068148,-0.712964755,-0.03119396,0.710193881,1.308476138,1.519680083,1.809300926,2.030290733,2.166603019,2.246765742,2.551987479,2.441655383,2.346679661,1.975885493,1.457595795,
Equatorial Guinea,,,,,,,,,,,2.409742805,2.592571749,2.633533616,3.579000859,4.13271633,6.936197426,8.577877495,8.927167105,7.85140098,5.938818301,4.968487218,4.405702092,4.25630634,2.262278634,1.160193329,-1.728417863,-4.474303215,-6.1694939,-4.692361271,-3.694682038,-2.037741982,-1.836164767,-0.331430313,-1.40422184,-6.016581382,-4.997448548,0.283189005,9.782656825,11.04071977,13.58093238,15.01869355,19.2149126,21.96855005,22.23329754,
Eritrea,,,,,,,,,,,,,,,,,,,,,,,,,,,,,,,,,,,,,,,,,,,1.341448605,0.686923186,-0.821923524
Estonia,,,,,,,,,,,,,,,,,,,,,,,,,,,,,,,,,,,,,,,,,-0.273561574,1.684554311,4.571304708,4.764601897,5.652070306
Ethiopia,1.939911057,1.038571688,1.004665079,0.795558585,1.284634939,1.546943428,1.383047421,1.721173149,2.198676765,2.055354769,1.837806553,1.891598689,1.967995104,1.933887527,1.577907928,0.957614289,0.959882988,0.844482719,0.332110497,0.271984942,0.542636279,0.516845032,0.139648586,0.361550988,-0.702282764,-0.589697822,-0.674758056,-2.933158875,-0.364307166,-1.387316399,-0.854676931,-1.627391886,0.91086875,1.313678736,2.484592139,2.793653462,3.365723565,6.271855236,3.746370161,5.356858215,4.574379315,5.163430853,2.936566947,1.483041238,
Fiji,,,,,,,,,,,,,,,,,,,,,3.587585817,2.765585363,2.226261568,0.135463854,0.989659922,1.357982939,0.17839771,0.239506422,-0.43996364,-1.26846832,1.476085099,1.85073372,1.252505829,1.566967649,0.94653584,0.590509042,2.140555577,1.480298113,1.938405285,1.398865233,-1.219295751,-1.088254736,0.015097415,0.51698036,
Finland,4.09161987,3.873345,3.622317766,4.225356048,3.876421844,3.700571525,3.697876972,3.921987631,4.247300689,4.522050439,4.399760977,3.849844934,4.255747728,4.551139185,4.577027895,3.967074471,3.565757338,3.624708849,3.50825828,3.158396653,2.93306361,2.974490206,2.663632446,2.276968529,1.989078294,2.176423195,2.534723211,2.651830239,3.11678972,3.0992789,2.350733678,1.276690393,0.495224894,0.019834248,0.172893102,0.475863807,0.522939576,0.892624549,0.956793495,0.619551444,1.351799806,2.319616678,3.083619864,3.541299836,3.496329608
France,3.599098697,3.458526142,3.501071105,3.727964339,4.225230486,4.23605909,3.934281304,3.888623634,4.223008033,4.550552229,4.498939275,4.473304146,4.298438067,4.388938611,4.029378445,3.570369913,3.559489295,3.416226184,3.323102231,2.969092641,2.675485254,2.365378351,2.261903278,1.877615033,1.766859034,2.051696186,1.873318396,1.819131498,1.928210339,1.965873655,2.040733194,2.008548154,1.860029788,1.563203386,1.652092089,1.691478614,1.505410621,1.523300699,1.485849758,1.469416383,1.634669356,1.746342227,1.684667901,1.921350482,1.944101825
Gabon,,,,,,,,,,,8.144022308,7.710361074,8.379779799,7.350060022,7.451826855,6.179164398,10.63750372,5.919054952,1.910608524,0.801003819,0.874885353,-0.5416316,-1.996551476,-2.838767117,-3.929878815,-3.751807113,-7.507720807,-5.258479743,-1.898825075,-1.690550625,-1.862823577,-0.659938937,-1.025840195,-0.786801183,-0.362275338,-0.393400266,0.083893264,-0.03680487,-0.054222054,-1.014242193,-2.20503447,-2.754560197,-2.839184229,-2.995867822,-3.802304753
"Gambia, The",,,,,,,,,,,1.957855547,2.829495011,3.243089136,1.374382237,2.611926043,1.222964447,0.793193486,1.287382655,0.218029388,-0.352975348,-0.389499899,-0.054398238,1.089296717,0.440939199,-0.165007666,-1.145147435,-0.626820967,-1.011590672,-0.178118522,0.521584711,0.274418576,-0.042996166,-0.900403173,-1.003987782,-1.116532986,-1.557469246,-1.700351939,-1.477213601,-0.959533902,0.066238719,0.444153407,0.790280139,0.008187149,0.728990632,
Georgia,,,,,,,,,,,,,,,,,,,,,,,,,,,,,,,,,,,,,,,,,,,-0.855336363,4.313818621,8.745430633
Germany,,,,,,,,,,,,,,,,,,,,,2.625610513,2.260656481,1.774155384,1.583796415,1.895383477,2.14127134,1.910980181,1.729243443,1.730393498,1.594246231,1.943163702,2.394444685,2.65565737,2.299045491,2.259939779,2.231932786,2.023364547,2.046531803,1.917759095,1.800880361,1.649707315,1.355894321,1.170981228,1.287222006,1.246514352
Ghana,,,,,,-4.072174375,1.63463333,1.25457401,2.918884147,5.07611269,10.83991893,9.487268167,8.032293359,9.404278565,6.181277528,13.12218983,4.632873087,3.546462779,3.410190985,3.687840399,0.90509404,0.004360539,-1.906986233,-2.159249463,-1.374883137,-0.609200323,0.268177542,1.317151717,-0.389104898,-0.330529594,0.118202681,0.224367278,0.119920636,1.373755789,0.784512787,1.899145791,1.136981789,0.324209394,0.592870213,0.58497864,1.90156565,1.736123078,1.944553846,1.890630268,
Greece,,4.594135701,5.04261874,5.157622305,5.657647148,6.097548544,5.826383936,5.692354428,5.917275765,6.533178313,7.083312871,6.780703023,7.641710518,7.431704021,5.843191661,5.481471393,5.507359233,5.16952929,5.119783728,4.400891472,3.631282662,2.643684108,1.527789432,0.62665398,1.521223048,1.191762552,0.650242338,0.228888135,0.066799196,0.206797431,0.195659646,0.676781751,0.825884887,0.716445856,0.666556251,0.582567275,0.730160803,1.283262237,1.158464873,1.112913132,1.537558041,1.740009761,2.104264182,2.841187918,3.189708118
Grenada,,,,,,,,,,,,,,,,,,,,,1.615257962,0.872026365,1.417424565,1.732675654,2.447017677,3.02190239,3.140685984,0.89855317,0.694265198,1.570193674,1.732142988,2.64545462,2.471649078,1.858549482,1.016431798,0.736519465,0.715471546,3.191435276,3.534099684,3.419982686,3.443882618,3.277001806,3.022898562,3.25846032,
Guatemala,0.919254289,1.229088848,1.018725113,1.343856537,1.590721986,2.125415235,2.277422426,2.092736027,2.167773291,2.291660631,2.373895735,2.144608736,2.866328981,2.79101295,2.812581409,2.782077127,2.425899246,2.790070873,2.461525242,2.433538646,2.5821936,2.201010847,1.127011005,0.610926133,0.25586537,-0.057255815,-0.247657738,-0.84759485,-0.881780853,-1.215846242,-1.490153143,-1.246907888,-0.996299496,-0.539897694,-0.161456259,0.213838255,0.520082233,0.710019565,0.833198448,0.952420165,0.981875194,0.925272281,0.933820554,0.813802524,
Guinea,,,,,,,,,,-0.191865049,-2.754913738,-2.997284151,-2.773439138,-3.028102037,-1.636810388,-1.763534164,-1.071660516,-1.207690332,-0.804212305,-0.681177985,0.93598554,0.374409789,0.579680602,-0.056594811,-0.948738399,-1.285601555,-1.747173897,-1.251172381,-1.100313656,-0.975536102,-1.464030936,-1.319020636,-1.220569078,-0.401175957,-0.155960502,0.707417625,0.793650129,1.090351194,1.217919528,1.348539643,1.488086989,2.345188688,2.688309554,2.725450664,3.254361181
Guinea-Bissau,,,,,,,,,,,3.68857234,3.695629138,2.950107314,1.46677226,1.23284729,1.911435681,2.386191063,0.974536052,-0.153167594,-1.066139257,-3.066744105,-0.647987644,0.093335566,-0.002475051,-0.136486475,-1.893928996,-1.243315792,-1.2931021,-0.756387886,-0.25547883,2.419242764,0.127697504,-3.238491972,-1.546363289,-0.493113502,0.041149698,0.499371147,0.801999744,-2.022695178,-1.612919577,1.736223936,-1.096098712,1.895521718,0.74571583,
Guyana,,,,,,,,,,,,,,,,,,,,,,,,,,,,,,,,,,,,,,,,,,,,,
Haiti,,,,,,,,,,,,,,,,,,,,,3.979312427,3.471617218,2.784856318,2.415531971,2.156007125,1.927129917,0.431127251,-0.101525193,-0.502945379,-1.830126723,-2.878342995,-2.899506177,-2.646552411,-1.805324672,-2.83995506,-1.676516927,-1.593046621,-1.181366426,-1.115606983,-0.055546476,0.593710759,,,,
Honduras,-0.257243125,-0.265034641,0.293089517,-0.415443972,1.031480002,1.805510451,0.554662648,0.620005657,0.607668972,0.167228933,0.723896562,1.57845572,1.981907874,2.29766493,0.939080803,0.841876973,1.435651283,1.696975277,1.833828326,2.433704697,2.228156405,1.863032551,1.658247211,1.21893669,2.132551257,1.832564011,1.104704543,1.104773146,0.566307722,0.455354701,0.267815716,-0.421670858,-0.346838849,-0.061761205,-0.57855105,-0.594831956,-0.24873574,-0.218745495,-0.203450051,-1.214661029,-0.54621305,-0.206310967,-0.291713118,-0.166898265,0.647646459
"Hong Kong, China",,,,,,,,,,,7.909396343,8.339145125,8.180162084,7.271520828,6.053998191,4.71866924,4.98402635,6.292278832,7.023511638,6.573471791,6.66792917,6.623642963,6.041655337,5.459728114,6.336048937,6.389636629,6.183805432,6.090215416,5.862539642,5.549454656,5.142333022,5.03110815,5.412009821,5.518790669,5.244469405,5.273783353,4.544939814,3.731513376,2.074388971,1.81818847,2.156424949,1.539678149,1.037729939,0.768599309,1.080472289
Hungary,,,,,,,,,,,,,,,,,,,,,4.034122049,4.10424412,3.529139868,2.945759122,2.994548178,2.819191013,2.676625167,2.430797989,2.737387826,1.936945664,1.723316698,0.268488341,-0.050401178,0.367588043,-0.071555583,-0.02176861,-0.179346516,-0.154589163,0.070336805,0.471135824,1.216125119,2.853776372,3.318104692,3.154358312,3.785671129
Iceland,2.765134235,2.824758984,3.763469428,3.397613614,3.552404961,3.255852783,3.950204184,4.01997669,2.494111082,2.496433743,3.031721481,4.713096521,4.237346794,4.049891558,3.932811104,3.180771523,2.537393558,3.707286271,5.026130822,5.359467744,5.250593294,4.099877062,4.124925984,3.040220585,2.576596994,2.958963133,3.407490556,3.162435282,2.534745868,2.047728324,1.592958164,1.168085489,0.638219896,0.978429343,0.969998265,0.658542041,0.595672914,0.2850926,0.910661678,1.309488005,1.727010986,2.035098463,2.147081945,2.498090864,2.798360704
India,1.609792845,2.104286497,1.759619816,2.107695852,2.370112171,2.078814262,1.922294702,2.410019257,2.316120718,3.098902722,2.864756123,2.870069306,2.346807943,1.686177163,0.964099197,1.729835463,2.227334876,2.090782042,2.177416042,1.092797945,1.576012165,1.60554753,2.105064716,2.2719975,3.035809935,2.980451592,3.090930682,3.117403214,3.091634506,3.664697155,3.462644359,2.97787966,2.885045975,2.873379148,2.666625251,2.89940744,2.937006686,2.803479819,2.868680939,3.483508121,3.37418705,3.853234929,4.144738495,4.458443373,
Indonesia,,,,,,,,,,,1.53427302,2.051399658,3.614324229,5.139190782,4.853779299,5.461248947,5.844102341,6.870842803,6.325338093,5.756854959,4.995622792,4.282049502,2.615698934,2.153791572,2.728040124,2.475027111,2.203134612,2.021488276,2.363044839,3.057530521,3.427308851,4.173513253,5.387756986,5.16172931,4.761121876,5.255589909,5.36307729,5.058204941,3.276224181,2.558584474,2.601977312,2.051118351,1.839335073,1.743180856,1.289266721
"Iran, Islamic Rep.",,,,,,4.191526929,4.964983303,5.043997092,5.60661137,5.769083242,5.894535631,7.419680309,7.739416894,8.425489477,7.50561734,5.823059758,7.08195151,4.858389757,3.38276386,2.287528254,-0.646325617,-3.564428457,-3.946721757,-4.374944469,-3.425322903,-3.009889911,-5.732904884,-4.805654969,-4.722841093,-4.509347689,-2.042783756,0.144413105,0.569771317,0.310858961,0.535839408,0.099471703,1.602845702,2.379642491,3.404321643,3.851756593,3.181979918,2.672626947,2.31179113,2.210282229,
Iraq,,,,,,,,,,,,,,,,,,,,,5.388193915,-0.316977839,1.094667799,2.778646084,2.04499469,0.687706997,-0.726767075,0.939303691,-0.89296711,-2.939272818,-2.841022984,-7.524253565,-5.931763509,-5.179613456,-4.494315918,-5.560542434,-2.815489687,-7.823127732,-3.376910024,-0.261142555,-0.372139809,10.26032919,7.078883674,-2.908569293,
Ireland,1.849391071,2.026792003,2.400610581,2.468141023,2.673630167,2.371517686,2.594302846,3.25215978,4.045515033,4.068989119,3.721217089,3.498360765,3.777995797,3.811847473,3.631268596,3.483911391,3.644497629,3.752170151,3.574306234,3.334735436,3.192644534,3.139262432,2.435990003,1.791237672,1.839392487,2.032530878,1.847228936,1.511842416,1.307652647,1.58527281,2.404730555,2.348773984,2.691409541,3.087629718,3.411192135,4.143729327,4.933171802,5.713931842,5.999900735,6.420031277,6.3629306,6.702402969,6.883066983,7.056947473,6.756794589
Israel,3.514214569,3.710547636,5.353377691,6.381176038,5.596506139,5.041364742,3.816114372,3.946944694,5.226794878,5.638286938,5.787754182,5.594465034,5.694968598,5.846938168,5.493788301,5.235903171,5.185377325,4.82971913,3.668139672,2.796656994,2.037189179,1.758682592,1.1731847,0.71625125,0.315697985,0.148852214,0.839170491,1.840728118,1.506338601,1.040290033,1.668935273,1.644474631,1.857544653,1.831258068,2.508956333,2.942496758,2.982327718,2.390057896,2.473658547,2.795696889,3.00544124,2.326319075,1.710860064,1.416961845,1.215579331
Italy,5.211105294,5.168373223,5.371498993,5.248140476,5.05422966,4.724302982,4.915310528,5.19002213,5.406465972,5.348478321,5.020285394,4.370946064,4.056767639,4.164850774,4.471445101,3.90730118,3.970499406,3.520282832,3.235510217,3.220463148,3.096142869,3.027270654,2.829019453,2.329703383,2.140015932,2.746973991,2.395250245,2.522165001,2.594903362,2.3533346,2.191321887,2.279002566,2.284166159,2.022817246,1.944016121,1.925400419,1.760491464,1.657657355,1.44788852,1.325605756,1.419015256,1.444246318,1.418742587,1.586408379,1.493816217
Jamaica,,,,5.339584124,4.742440307,4.08590067,3.113017808,1.937663182,1.800334806,1.864522906,2.653876762,2.464127999,3.155827562,2.589099861,1.871994554,1.200777613,1.063196646,1.048518239,1.002462386,0.255312247,-1.664015224,-1.772197357,-2.618929225,-2.133260442,-2.058677505,-2.049363187,-1.826701901,-0.74524307,-0.525679601,0.528394215,1.774170166,1.623520692,2.049316211,1.942951577,2.183657692,2.607570292,2.450728068,1.407103881,1.54469183,0.679426916,0.168038267,0.358239657,0.007048143,-0.3392438,
Japan,6.832959368,7.107023508,6.902986641,7.147678695,7.806475852,7.611112067,7.983056658,8.393335648,9.215744807,9.542173589,9.352926764,8.530034345,8.453464359,8.379435212,6.993803601,6.706906476,6.022901804,5.335587907,4.627326298,4.00830082,3.200186792,3.091003968,2.596875905,1.991514343,2.535237585,2.847154241,2.820593698,2.833081352,3.026684522,3.043332081,3.380722505,3.470677787,3.324455287,3.227645391,3.04803562,2.754042095,2.82389528,2.63022047,1.830915708,1.292748375,1.0279903,0.720903667,0.593126446,0.727251385,0.920647928
Jordan,,,,,4.346165432,7.150946914,4.295824199,4.282817788,2.290660707,1.48725983,0.147138956,-1.291863049,-0.899160266,-1.919044277,-2.863987749,-4.580466023,-3.690498422,-4.403390126,-2.129087912,-1.407241698,0.415074994,0.539663785,0.923359929,1.861202706,3.144126159,4.448971082,4.12507132,4.537201521,2.165691203,-0.395939862,-2.220310408,-2.172277256,-2.727857057,-2.886224597,-3.165599694,-2.86266269,-3.478577373,-2.992219152,-2.341369853,-0.428768988,0.983016503,1.371473589,1.488684502,0.928869884,
Kazakhstan,,,,,,,,,,,,,,,,,,,,,,,,,,,,,,,,,,,,,,,,,,,,1.551461472,
Kenya,0.553769467,-1.280063454,0.222509813,1.100232192,1.000782507,1.024756692,1.395838069,1.231382447,0.676027438,1.639708453,-0.212564123,0.409220476,0.247473135,-0.182484861,0.051074482,-0.509214758,-1.482841681,-1.28958537,-0.143011216,-0.344055954,1.060929067,0.672189301,0.25588415,0.288868973,-0.281553326,-0.273012315,0.785956952,0.753949278,0.548171779,0.635926186,0.693246897,0.771555262,0.34052136,0.5151888,0.537427713,1.091680243,0.512333612,0.299312433,-0.165144545,-0.613760798,-0.63248654,-0.60391732,-0.507648069,-0.321907882,
Kiribati,,,,,,,,,,,,,,,,,,,,,-5.021502146,-4.5026856,-4.629702027,-7.383160662,-10.08394227,-10.96944392,-8.116059926,-8.077579562,-6.752341054,-6.780894339,-0.798823514,-0.555643036,-1.78457709,-0.714880902,-0.76874367,0.116746176,0.279575379,1.184115141,0.027023828,1.868040015,1.854543328,1.399138102,1.697100077,1.932969025,
"Korea, Dem. Rep.",,,,,,,,,,,,,,,,,,,,,9.433167591,9.241493019,8.679811198,8.941405233,9.316095111,8.990035757,8.357216804,8.112535919,7.333428843,6.572650767,5.861241355,4.450967128,4.291254025,2.29769689,0.809362086,-0.327058903,-1.116550402,-2.490031282,-2.815335706,-2.395209036,-2.566875062,-1.606925551,-1.905090553,-1.041085581,
"Korea, Rep.",,,,1.415867364,1.981375321,1.734522765,2.586060644,2.490310069,3.342965135,4.638918605,5.434547575,5.850645132,6.229738417,6.506408606,6.7147138,6.762025392,6.65517312,7.208649622,7.289849108,6.827328663,5.684710998,5.41803527,5.723250946,5.710560661,5.771006729,6.000561274,6.019536377,6.155819104,6.171603275,6.142327611,7.726761013,8.204053079,7.998889526,7.641247613,7.665340273,7.917617332,7.6690625,6.966946159,5.001695647,5.305116593,5.053044473,4.51032155,4.713850139,4.439646553,4.103339068
Kuwait,,,,,,,,,,,,,,,,,,,,,-7.518373063,-8.973946044,-9.534060108,-9.049464883,-7.667876814,-6.400427716,-6.746130174,-6.137008211,-6.059081721,-5.566160706,-5.716488254,-1.381436381,0.828726747,3.829092987,3.822684606,4.361148443,4.467130644,3.768256137,3.647421581,1.223225923,4.348742184,1.152949949,-0.890208094,-1.705401502,
Kyrgyz Republic,,,,,,,,,,,,,,,,,,,,,,,,,,,,,,,,,,,,,,,,,,,,,
Lao PDR,,,,,,,,,,,,,,,,,,,,,-1.127859251,-0.485143867,-0.291923413,-0.111098906,0.139530854,1.408469866,2.208332253,1.862411085,3.070621756,3.923407057,3.912100514,3.10237205,2.976511335,2.949374205,2.990447752,1.993491846,2.108659977,2.82383351,0.845270387,-0.099217044,-0.404938933,-0.398454865,0.549801108,0.640796043,
Latvia,,,,,,,,,,,,,,,,,,,,,,,,,,,,,,,,,,,,,,,,,,,,4.553028078,
Lebanon,,,,,,,,,,,,,,,,,,,,,,,,,,,,,,,,,,,,,,,,,,4.51296094,5.63806596,5.984527561,
Lesotho,,,,,,,,,,,1.780987598,1.656878023,0.909784158,2.374509908,2.469232289,0.936544903,1.962472207,2.133648953,5.080418229,3.340629082,5.61294668,5.353325323,5.143144511,3.220289511,2.432550641,4.240830494,4.550708034,3.440846928,1.165033532,2.7017003,0.696733202,0.330185744,0.194000618,1.200236137,2.043934539,2.157787604,1.947328214,2.53898227,3.141133004,3.330780371,3.359561962,3.92040215,3.791996857,3.963841966,
Liberia,,,,,,,,,,,,,,,,,,,,,-1.562535314,-1.582538356,-0.992157771,-2.75133278,-1.808945635,0.156375481,-1.07958644,-1.464648422,-2.659686244,-5.987442195,-10.60864177,-10.91525317,-15.49406385,-18.08737959,-20.37862417,-20.21052082,-18.88057292,-13.56041081,-12.01165235,-8.172713273,-1.537126331,-1.169076348,3.844782103,4.596818914,
Libya,,,,,,,,,,,,,,,,,,,,,,,,,,,,,,,,,,,,,,,,,,,,,
Lithuania,,,,,,,,,,,,,,,,,,,,,,,,,,,,,,,,,,,,,,,,,,,,3.84062891,5.770119456
Luxembourg,1.616629094,2.667065991,2.145212455,1.902363481,2.909180643,2.560582258,2.108705114,1.479288618,1.883218547,2.939373005,2.698008952,2.550554434,3.033468344,3.69896285,3.212760467,2.369295823,2.566216506,2.809997691,2.743166947,1.977565077,1.939683427,1.69871512,1.263535443,0.863944307,1.136742038,2.212045647,2.959705656,3.162996365,3.615091695,4.242346877,4.62479789,5.483114425,5.408523412,5.374741201,5.012805105,4.697278543,3.921927144,4.30660735,4.087443774,3.834858758,4.174324677,3.40291896,3.458149498,3.332229097,3.373799198
"Macao, China",,,,,,,,,,,,,,,,,,,,,7.39086465,7.237468541,6.848439483,6.322173064,5.989762334,5.084711762,4.624080968,4.882501368,4.643052988,4.295424374,4.345233493,3.749678786,4.041047185,4.064115081,3.828588454,4.246929472,3.913551535,2.677418131,1.714401907,1.035606386,1.029013799,1.336645173,1.488738135,2.452812426,4.491697404
"Macedonia, FYR",,,,,,,,,,,,,,,,,,,,,,,,,,,,,,,,,,,,,,,,,-0.465059948,-0.281300008,0.314575924,0.713979498,
Madagascar,,,,,,,,,,,0.925700093,0.906039192,0.612251298,0.395391054,0.205101524,0.253484203,-0.60089733,-0.702399326,-1.402625437,-0.996974225,-1.605308489,-2.737438536,-3.021096593,-2.578892532,-2.523623365,-2.379021567,-1.772013548,-2.120042261,-1.92154463,-2.336244445,-2.456447765,-1.19280916,-1.453625733,-1.478466914,-1.672476627,-1.665204849,-1.434648527,-1.02612784,-0.947883242,-1.60129513,-1.070812961,-1.161634675,-1.885625175,-1.392587852,-1.195657496
Malawi,,,,,0.828631199,1.39725762,1.889319136,1.872837111,1.359519505,1.529242554,0.287823162,1.162307719,1.895466134,2.585625715,2.891070209,2.195807383,1.828752363,1.728072597,2.622124804,3.056598172,4.150331871,3.130263798,2.200391892,2.099521222,1.625675374,1.939467005,1.601363762,1.027177489,0.246103669,-0.362966034,-0.358599065,-0.215937605,-1.474359871,-0.639838541,1.36535136,1.104469782,0.905113992,1.533978104,1.969368609,1.970696786,2.089160038,0.981913736,2.212667697,1.424204041,-0.193442694
Malaysia,,,,,,2.551773858,2.874560135,3.094665751,3.943546555,3.50253772,3.465277296,4.906201453,5.333916238,5.732341446,5.935499001,5.481004468,5.919249868,6.304982897,6.255525507,6.607617697,6.895032283,5.377513652,4.976041279,4.499783719,4.434331021,4.218629221,3.235779147,3.119994173,3.263916055,3.270103743,3.289492403,3.423401671,3.841537463,4.071504969,4.250932776,5.078866675,5.934616175,6.037774246,5.211975789,5.169760011,5.11743417,4.512692757,4.025437038,3.903603348,
Maldives,,,,,,,,,,,,,,,,,,,,,8.881946414,9.001896099,7.543730764,7.911560449,9.207958854,9.372046826,9.165958171,8.874152816,8.230439092,8.03584652,7.776318332,7.338482199,8.300734303,7.31274838,5.463050635,4.875881727,4.997412791,4.747648104,4.832236253,3.981306905,3.855516105,3.300959766,3.461261174,4.260943429,3.807638732
Mali,,,,,,,,,,,-1.591509869,-0.837319659,-0.224870575,-1.656755538,1.061032333,1.088656297,1.566506992,2.363366178,2.102225236,2.573964642,2.026068203,0.917190177,0.071340401,1.618759477,1.407881974,0.628574925,1.796334048,1.410595767,0.798902614,0.941540734,0.539897635,1.367258466,2.53159909,2.437133033,1.983727412,2.269911381,1.416549026,1.261901089,2.907843905,2.499398409,1.938193406,2.885879534,2.116736926,2.239269546,2.527392661
Malta,,,,,,,,,,,,,,,,,,,,,11.00855878,10.68773318,9.42364111,8.916022095,8.280223634,6.280152011,5.28563546,4.414966685,3.564274984,3.272652685,3.388590538,3.844555554,4.862970851,4.678366797,4.838008328,4.821891839,4.60964569,4.810373545,4.741387503,4.458142301,4.662778881,3.955945013,3.499695841,2.93589859,2.460809182
Mauritania,,,,,,,,,,,,,,,,,,,,,-0.037616001,0.458310136,-0.695269301,-0.558520104,-1.299161994,-1.708516136,-2.072669409,-2.23852301,-1.32295677,-1.092927205,-0.279335828,-0.581455699,0.27952885,1.302311888,1.415716818,1.802613669,1.437502944,1.728603876,1.643996562,1.770839523,2.093320769,1.933209734,2.338176387,0.778916513,
Mauritius,-4.559474472,-2.827681699,-2.110973478,-0.83451821,-0.159439534,-0.806625427,-0.860670776,-0.760153205,-1.058571909,-1.06843816,1.793878452,0.340448056,0.299619778,0.426429612,0.752049195,2.45311889,3.306409754,3.801267281,5.002673326,5.045321186,4.04398842,3.584748285,4.155872699,3.05988523,2.938690687,2.402725153,2.37081749,2.806693357,3.076373058,3.553215297,4.632611618,4.996953205,4.772136028,5.193603413,5.22199132,5.342240352,5.022501053,4.261204309,4.388617125,3.984892442,4.357123129,4.63607202,3.962565378,3.876692209,3.883648439
Mexico,3.192047775,2.53221161,2.538462074,3.474386706,3.664096951,3.357255899,3.227458057,2.988515991,3.310117396,3.514836852,3.291576807,3.461762655,3.866916014,3.755265325,3.056969905,3.167267303,3.021067362,2.781524325,2.781708448,3.27905902,3.492497495,3.94343316,3.135827191,1.98628431,1.849972347,1.622102118,0.903250443,0.79527067,0.140975067,-0.228715088,-0.458917391,-0.800839365,-0.353611221,0.306035261,0.418063949,-0.452179272,0.401913082,0.9673466,1.433120343,1.437375201,1.627595417,1.261216758,1.0401122,1.04934217,1.092061029
"Micronesia, Fed. Sts.",,,,,,,,,,,,,,,,,,,,,1.944921555,2.649427806,3.032899186,1.364738738,0.048724183,0.830012229,1.374362579,1.170402043,1.149277093,0.954517985,2.088197719,1.79620913,1.714750569,1.198195456,2.627813746,2.251157251,1.395804914,0.981359985,0.648912063,0.184935034,0.996457519,0.703378523,0.689144664,0.36156192,
Moldova,,,,,,,,,,,,,,,,,,,,,,,,,,,,,,,,,,,,,,,,,,,-1.048744047,-0.528177394,1.391452954
Mongolia,,,,,,,,,,,,,,,,,,,,,2.777168804,3.138132392,3.613115182,3.33042007,3.538771025,3.48792182,4.029431001,3.601228057,3.376386498,3.230867805,2.34164337,0.588553052,-1.127879145,-1.862014182,-2.080902985,-1.837450436,-2.440866722,-2.265647359,-2.285867429,-2.102545818,-1.626683624,-0.473068923,0.979390797,1.850906465,
Morocco,0.08436077,1.927964908,2.830916951,3.772360557,4.375996166,4.480491541,4.305776343,5.224756929,5.859582502,5.794079455,5.700276917,4.425708217,3.493862021,2.51991397,1.96354695,2.513378718,3.509209714,3.093563932,2.840849725,2.865811973,3.064059968,2.591715685,2.983904125,2.584368021,2.597056565,2.487073039,2.494583591,1.826272012,1.95794038,1.607868417,1.634537021,2.306426378,0.999817764,0.988279189,1.741369726,0.611030447,0.820457729,0.805876435,0.586796495,0.389762993,0.228908549,0.173554567,0.975230914,1.484943195,
Mozambique,,,,,,,,,,,1.884977295,2.315563651,1.861975653,1.94922831,2.170036925,2.401221463,2.776449107,1.483798869,1.050977597,0.64408801,1.236672311,0.863406867,0.164017526,-0.759868546,-1.679935522,-3.097004688,-3.20400453,-2.040291118,-0.859738542,-0.082581829,-0.155446681,-0.475576492,-0.957601667,0.289826778,1.273606133,0.68256019,0.988492819,1.050291922,0.75851013,-0.464569356,-0.199377485,1.40001377,2.908737008,3.394495388,
Namibia,,,,,,,,,,,,,,,,,,,,,-0.524407338,0.639307956,1.050961247,0.908763536,0.574336105,-0.34582351,0.191374172,0.469813197,-0.08849204,-0.487468619,-1.065449423,-0.840902831,-0.896643073,-0.709782264,-0.454369276,0.075026347,-0.332261614,-1.378524119,-0.82853622,-0.085310979,1.663074679,0.352139941,0.615697693,1.317139489,
Nepal,,,,,,,,,,,0.764416239,0.749319201,0.813491681,0.680558728,0.353312375,0.801014514,0.163859284,0.723766082,1.295236938,0.977114568,-0.116881912,0.756154636,0.945768601,0.877044363,1.180564471,1.245888382,1.480256145,1.18796799,1.238046933,1.571696183,2.443124038,2.237279348,1.790006263,2.392855194,2.283447943,2.219895623,2.303047315,2.658181608,2.199248158,2.17672373,2.499371847,2.453171081,2.225426918,2.018040379,
Netherlands,2.931400392,3.025500696,3.723329135,3.130685097,3.066760058,2.901929952,2.524379495,2.858108116,3.960274477,4.080839115,3.670952466,4.001799304,3.608843341,3.764365345,3.353771746,2.894113904,3.138922887,2.972115591,2.654992436,2.273132598,1.88780607,1.365492526,1.078890847,0.843342022,0.776581099,1.089797505,1.009900237,0.888611163,0.894391228,1.218347382,1.46856109,1.894189769,2.159443471,2.003958253,1.993610633,2.014965813,1.993845049,2.202091555,2.364948948,2.306131228,2.286333244,2.19562781,2.068886529,2.008399873,1.913474641
Netherlands Antilles,,,,,,,,,,,,,,,,,,,,,2.455036889,2.352998019,1.97945551,1.172619552,1.132697435,1.237478145,0.111504299,-0.121137487,-0.916213499,-0.565893772,-1.107021969,-1.050478712,-0.509112443,0.071667686,0.826764607,1.134140412,1.897093972,1.665166391,1.580290844,0.79904889,0.222935848,0.204460688,-0.109405626,-0.480968661,
New Zealand,1.894688962,2.787824461,2.862042277,3.292106922,2.753641175,3.057135065,3.586496177,2.64840918,2.557569636,3.217976463,1.720842354,1.582438879,1.886160076,2.046364103,2.190460525,1.405604048,0.976809558,1.20799755,1.296315538,0.476178306,0.819247304,0.906327618,0.612207282,0.455172942,0.410154744,0.650569622,0.780701395,1.194404238,1.33698244,1.163465633,0.979951497,0.515250237,0.437351188,0.496999065,0.468184965,0.78765305,0.826153457,1.013733049,0.941263947,1.506653029,1.749392494,2.209237029,2.644693828,2.407201364,2.309950805
Nicaragua,2.461750482,2.023123429,1.61393331,1.876409596,1.811864573,2.324201388,2.397909941,2.415313976,2.549604473,3.262466043,3.060829895,2.937324518,2.390921215,1.990649741,1.599302032,1.583924385,1.887558248,1.233138039,1.253088503,-1.002369589,-1.360688288,-1.508081347,-1.905445654,-1.216713142,-1.476749321,-2.902447608,-3.149413235,-4.071087964,-4.542147067,-3.56569387,-3.031390544,-4.289470803,-4.199963677,-5.183704222,-5.316423771,-4.368651582,-4.249621522,-3.440931977,-2.756096345,-1.701378218,-1.236372747,0.094756431,-0.086758134,0.453326802,0.667760779
Niger,,,,,,,,,,,-0.544865837,-1.298713191,-1.807814308,-3.287953524,-3.742335387,-1.930252511,-0.584601429,-1.260014468,-0.77614241,0.373015348,1.022755218,1.874831569,1.816148205,3.29760871,2.092305874,-0.034047494,-0.227343092,-0.655236533,-1.208833939,-1.762978329,-2.02935929,-3.032547874,-3.040177053,-3.406668437,-1.800611488,-2.049124776,-3.092461519,-1.806291945,-1.108436009,-1.034784683,-2.091144566,-1.297399757,-0.971668633,-0.424478462,-0.6189394
Nigeria,4.390345049,3.148914357,2.574647546,3.12000898,2.779442266,1.759564031,1.206135136,-0.592636984,-1.071924554,0.11607899,-0.608206061,0.628379621,0.887370792,0.507573448,1.374081841,1.5346074,2.780299414,5.301732237,4.853596277,1.533823184,-0.43445458,-0.439793899,-0.968474106,-1.673639253,-3.34846298,-2.185634377,-2.54362639,-3.586786418,-2.530564548,-0.535454951,0.715867196,0.380396473,0.664491743,1.230220718,1.699871154,-0.073699763,0.992306887,1.336106053,0.613550951,0.417907169,0.128640295,-0.083353308,0.062699399,1.252724843,1.32033263
Norway,2.545014434,3.005906285,2.80147709,2.553110749,2.677691831,2.98598806,3.127687956,3.38077054,3.444889567,3.619128606,3.497733556,3.459064495,3.547605834,3.614696374,3.615129654,3.607800254,3.844280135,3.648261486,3.667669878,3.72973751,3.973258677,3.538370178,3.273357402,3.076884084,3.221637663,3.235207936,3.100950516,2.830059356,2.642619362,2.348243349,2.083412069,2.32561663,2.55420514,2.568526814,2.529647891,2.440528569,2.531891017,2.935534231,3.188972738,3.217281949,3.268234292,3.160468939,2.925801434,2.739988673,2.458772081
Oman,,,,,,,,,,,,,,,,,,,,,-0.31810061,2.085372915,2.481543228,4.766755763,4.874679365,3.909557989,1.815782218,1.465415558,2.563941892,2.552250427,3.854751933,3.124252243,3.015779522,2.755087062,1.973529885,1.474420602,1.793755965,2.490316406,1.910756959,1.845567722,1.580553115,1.78765871,1.206835276,0.60077187,
Pakistan,-0.448169315,-0.108534795,0.042314879,0.293747982,1.280956908,2.077873688,2.111887508,2.617729293,3.019863465,2.911651979,4.399733887,4.339165684,4.615760813,3.885859445,3.230660075,3.047784737,2.72054525,2.988708239,2.647791517,3.23221536,2.566539339,2.776970548,2.796600538,3.125893038,3.624580246,3.527956847,3.868535299,3.878185941,4.248506651,3.697399134,3.283037565,3.273492385,2.952788389,2.70245867,2.535253892,2.521070984,1.909503871,1.492913674,1.262128298,1.401605778,1.206636251,0.833033815,0.959841006,1.220955449,1.290536477
Palau,,,,,,,,,,,,,,,,,,,,,,,,,,,,,,,-0.154980238,1.17459232,0.824331588,0.981011015,1.318184977,3.218562975,4.2014078,4.58537911,2.838107961,1.512142454,0.896205332,1.002873375,1.028602039,1.049622718,
Panama,1.812858748,3.231712232,3.175292751,2.880784846,3.229723141,3.236519013,3.700931973,3.876456816,5.059704043,5.471360448,4.286146114,3.883300254,3.162503803,3.584629232,2.952583642,2.925813733,2.750029096,2.85724938,2.627111851,2.746845378,4.159172513,4.410444226,4.785517285,3.949639493,4.326043248,4.298476709,4.230752774,3.507871816,2.168482321,2.216695283,0.645688194,1.122840175,1.090573959,1.387325388,1.215808105,0.705212138,0.578096049,1.046273601,2.566839065,2.558308975,2.587618672,1.547260188,1.493280923,1.619673575,
Papua New Guinea,,,,,,,,,,,,,,,,,,,,,5.607459755,4.665991199,2.686608149,2.590393325,2.748631258,3.537222702,-0.754585376,-0.007119949,-0.878351961,-0.794667237,-1.06592096,-0.374093132,0.467961295,2.581607691,2.958461029,1.605463278,1.512933055,1.211425946,2.114871042,3.137053171,2.973794311,2.636314797,2.293811052,0.051620233,
Paraguay,,0.349670794,0.656096269,1.311790375,1.149366037,0.591789517,0.696879192,1.057089861,0.816067755,1.281073125,1.70936387,1.506645343,1.777455619,1.783432374,1.971444802,2.477689732,2.937767012,3.258576395,3.895675631,4.523583175,4.977480947,5.271408998,4.864932426,4.402704334,3.966736053,3.541320076,2.903834677,2.213756717,1.844371939,1.340585138,0.518476109,0.002239775,0.121105501,0.602128449,0.575469771,0.629068473,0.882014209,0.793322604,0.176267193,-0.213535695,-0.288814435,-0.204099229,-0.674662459,-0.934829401,
Peru,2.429692989,1.832303634,2.272525273,2.86032542,3.079979343,3.0282621,3.130810996,3.320479964,3.778813265,4.40550942,4.265883855,3.870426033,3.202910821,3.028721203,3.242720036,3.042938186,2.411951475,2.174104091,1.303126869,1.079284486,0.712939723,0.711034582,0.558529779,-1.180543618,-1.648027855,-1.80848562,-0.942428542,-0.157049136,-0.637639929,-2.324056355,-3.38301298,-3.574643025,-3.708678501,-2.107715461,-1.246878745,-0.688621135,-1.434728723,-1.653100652,-0.759595555,0.955269912,1.784832245,1.676697322,2.24162341,2.218917362,
Philippines,4.031543452,4.082891388,3.263404584,3.403477303,2.678347667,2.877174558,2.003534019,2.423263372,2.054060126,1.580646731,1.766121214,1.825815532,1.947791925,2.16590809,2.118297952,2.290173809,2.788695837,3.106439392,3.095051344,2.939614161,3.098808487,3.096664131,2.485184142,1.855465458,1.548409368,0.212092151,-0.049296326,-0.529115209,-0.234908764,0.0393408,-0.25958792,-0.590245441,-0.44779962,-0.537639983,0.27450867,1.123561961,0.984672401,1.689788562,0.723211224,0.888498726,1.773808246,1.348065037,1.335348973,1.256463585,1.815023326
Poland,,,,,,,,,,,,,,,,,,,,,4.810893141,3.139696155,1.228006527,0.63657262,0.368789177,0.031640512,-0.390606157,-0.744499196,-0.644547046,-0.449124432,-0.557524996,0.245249758,1.442094824,1.436012433,1.429798037,1.523158675,1.714772249,2.163112598,2.316129057,2.814731261,3.857888447,4.183547303,4.147011666,4.157944083,4.280398149
Portugal,4.419563329,4.116681909,4.365142939,4.432606369,4.621207817,5.017757899,5.056322588,5.493616836,6.7069376,6.545343318,6.631701383,6.690279436,6.824301784,7.377276927,6.960680846,5.408280576,5.536819599,5.171089638,3.952572812,3.953848228,3.604243583,3.068744999,2.540158037,1.39554103,0.956105927,1.972858615,2.014214035,2.155697752,2.900992688,3.049467254,3.183554466,3.33953733,3.248051515,3.25558408,3.875787856,3.775139925,3.515963672,3.23121909,2.853944871,2.68437228,2.433100623,2.259286684,2.185681211,2.156576365,1.869228197
Puerto Rico,,,,,,,,,,,,,,,,,,,,,2.451815142,1.641629493,0.806550871,1.439107141,2.364793145,2.918932141,2.365209303,2.50622449,2.502459504,3.138217962,3.497094614,4.000879414,4.409973562,4.047975751,4.263658714,3.295572355,3.103555758,3.123832957,2.900081191,2.79634354,3.443357716,3.136075354,3.222704648,3.244041102,
Qatar,,,,,,,,,,,,,,,,,,,,,-2.414336675,-3.694561066,-4.849315855,-6.713781671,-7.967710576,-6.989407642,-7.023893165,-6.92116239,-7.119100854,-6.668409384,-5.826287385,-5.900583241,-4.354138872,-3.759272855,-3.579712203,-2.824291358,-2.901761144,-0.693041766,0.671110723,0.89236437,1.16235537,1.647000153,1.613046616,3.028900117,
Romania,,,,,,,,,,,6.512699404,6.97008217,7.52602208,8.535444858,7.493034841,7.102199488,8.716618421,8.347905508,9.392859567,9.241199736,9.009723168,8.235274264,7.54049058,6.196605964,7.327442504,6.294053407,4.577567164,4.062081873,2.46466824,1.07130135,0.018033452,-1.690077772,-2.741060112,-3.00497048,-3.103501764,-2.187350435,-1.838374626,-2.31772851,-2.419661338,-1.53995716,-0.781971759,1.087723572,2.526252608,2.831273234,3.211530361
Russian Federation,,,,,,,,,,,,,,,,,,,,,,,,,,,,,,,,,,,,,,,,,-2.807003088,-0.655078135,1.024984599,2.198873199,
Rwanda,,,,,,,,,,,0.326181324,0.539629336,-0.665802561,1.004840973,1.932061627,0.781275612,2.032201998,1.547313538,2.061557806,2.123688114,1.735994741,2.731500034,2.644545421,2.803652221,1.914795798,2.764137616,1.449895085,1.338968564,0.357189555,-0.228889148,-2.191101101,-2.719799079,-2.132110319,-3.913564251,-7.921357314,-3.614502736,-2.995439051,-3.512055093,-2.289114838,-2.194488925,0.122894986,0.528807241,1.003813421,3.708257108,
Samoa,,,,,,,,,,,,,,,,,,,,,2.390555257,1.159097652,1.400302482,0.795792437,0.54061586,0.779950822,0.747429538,0.27720163,0.089390481,0.331008241,-1.675138674,-0.954463335,-1.772216184,-1.244035153,-2.218358242,-2.072860055,-1.600148169,-1.178374106,-0.775708909,-0.921982971,1.059438467,2.094561296,2.780689437,2.995979856,
Sao Tome and Principe,,,,,,,,,,,,,,,,,,,,,6.337089536,2.861176989,2.779133113,2.385536105,0.841310927,0.923410455,0.432501003,-2.237900593,-1.225043706,-2.594162008,-2.004199066,0.067996607,-0.687615172,-0.152273293,0.672780859,-0.34993304,-0.270178145,0.351852014,-0.9680904,-1.769977227,-1.254214155,-0.584961502,0.083213187,0.632531479,0.19097879
Saudi Arabia,,,,,,,,,,,,,,,,,,,,,7.544113571,5.767346269,1.641570643,-2.829435592,-5.505099378,-5.464400088,-5.841808396,-6.092938628,-5.320089082,-6.359780987,-5.590631856,-4.897144622,-2.738825078,-1.225368392,-0.46891488,-0.271815557,-0.153951262,0.375166771,-0.069912326,-0.313280983,-0.955004215,-1.801301753,-2.373321788,-0.969031272,
Senegal,,,,,,,,,,,-1.818399873,-1.61164548,-1.509992398,-1.917046252,-1.62710371,-1.223454624,-0.511679263,-0.691340644,-1.260776839,0.251941821,-0.562091165,-0.755999442,0.39765038,1.054137396,0.024472748,0.128614714,-0.73450747,0.064060083,0.628141261,-0.15678849,0.1905113,0.447539684,-0.910842237,-1.285731716,-0.274778447,-0.976909589,-0.794006591,-0.417311806,-0.738996188,0.238903667,0.868183822,-0.158687303,-0.101358955,0.567093311,
Serbia and Montenegro,,,,,,,,,,,,,,,,,,,,,,,,,,,,,,,,,,,,,,,,,-7.192842263,-5.854271514,0.297575741,4.31684585,
Seychelles,,,,,,,,,,,,,,,,,,,,,,,,,,,,,,,,,,,,,,,,,,,,,
Sierra Leone,,,,,,,,,,,,,,,,,,,,,0.125459961,0.121371413,0.677211516,0.161157549,-0.265901492,0.262401361,0.136569324,0.522269529,-0.272912664,-1.082550404,-1.301309425,-2.309281251,-3.868239005,-3.800388903,-3.741020304,-3.893085319,-3.170093452,-5.231310717,-5.392282075,-5.73509228,-5.293483599,-4.658641746,-3.066592452,-2.40705874,
Singapore,,,,,,,,,,,4.975920878,5.679419137,6.131089662,6.670802424,7.926549422,7.500092995,7.52786259,7.304569348,6.997505613,7.080082842,6.627876136,5.837876546,5.248949792,5.009979132,4.892512527,4.551180549,4.092970852,4.55902666,4.512339661,4.265999233,4.122129528,4.410249253,4.548126747,4.831845897,4.8990167,5.870689522,6.165499564,5.940976454,4.498779796,4.241141685,4.217944308,3.008944291,2.73180428,1.577115838,1.845874435
Slovak Republic,,,,,,,,,,,,,,,,,,,,,,,,,,,,,,,,,,,,,,-0.90102238,-0.639729879,-0.556893258,-0.209850463,2.017356584,3.039063432,3.852352266,3.706298123
Slovenia,,,,,,,,,,,,,,,,,,,,,,,,,,,,,,,,,,,,,,,,,1.773043129,3.023977426,3.996281116,3.797136412,3.753785929
Solomon Islands,,,,,,,,,,,,,,,,,,,,,2.765212027,3.407927999,3.447559656,1.171545592,-0.028594114,0.966820263,-0.518343762,-1.219567621,-2.418917362,-2.892251664,-1.784004432,-1.609949206,0.343132906,2.025838814,1.63825898,2.322212425,2.759547967,2.211807738,2.635559934,1.173594872,-0.83435097,-2.15954153,-3.843343775,-3.835929844,
Somalia,,,,,,,,,,,,,,,,,,,,,-1.87366631,-2.178980858,-2.929946901,-2.229774553,-3.843821824,-4.503517245,-1.92004439,-2.712017681,-3.279689876,-2.27562086,-1.338393061,-0.872641042,-2.394648604,-1.503930716,-2.772289663,-1.755007043,-2.71504159,-3.370783084,-3.833834635,-3.73316229,-3.698090566,-3.918508894,-3.224246178,-3.249550291,-1.074460565
South Africa,1.766272121,2.603204296,3.168879263,2.692247401,2.357539968,2.570928145,2.581144505,2.462877901,3.037141513,2.776324431,2.742682335,2.237085242,1.973086389,1.952055586,1.772644346,1.791696383,1.659372447,1.784520155,1.287638794,1.382108899,1.61077236,1.425527767,1.280753292,1.513804996,1.681457112,1.152010476,0.617277236,0.439789362,0.63045131,0.628686387,0.275665608,0.127301117,-0.415931206,-0.674736206,-0.595999168,-0.41814838,0.157589383,0.283447315,0.202674229,0.293924467,0.63254788,1.112474262,1.746804028,1.949294232,2.262997999
Spain,5.266359901,4.850378645,5.365403269,6.743593623,5.922922387,5.988409725,5.963981922,5.918951274,6.100049766,7.282855778,6.507796943,5.694616678,5.52868783,5.358296065,5.413926668,4.772088181,4.364865162,4.150310089,3.627364268,2.763658669,2.605534623,2.19023558,1.514775024,0.952707404,0.608171632,0.857463754,0.898022196,1.305208089,1.770671915,2.26887917,2.46968896,2.785979861,2.776673567,2.496721281,2.57269464,2.628623115,2.554753848,2.402288215,2.352420801,2.32767405,2.410134739,2.444271882,2.53086814,2.843567055,2.796947259
Sri Lanka,0.503991145,1.403164058,0.672988897,1.951479498,1.580329751,2.220794009,3.247094959,3.976768495,3.034619638,3.577578413,3.671193244,3.040258244,3.871513617,3.773481333,3.745048905,3.465460982,3.568904241,3.006866762,3.882692535,4.065823808,4.094918315,4.468743067,4.404961298,3.651018376,3.496244706,4.589356807,4.860021545,4.669945816,4.066027492,3.816720035,4.043403837,3.240593553,3.352146687,3.927727234,4.098073829,3.57610121,3.652681093,4.100112109,4.193393226,4.451585818,3.916145338,3.985809542,3.489719923,3.450868644,
St. Kitts and Nevis,,,,,,,,,,,,,,,,,,,,,2.734321799,4.779531132,3.499618348,3.04020719,4.228645652,4.616430862,5.280345772,6.091323765,4.117729915,4.444800849,5.21862292,4.225857104,4.924817393,5.367183128,5.617309876,5.01658261,5.227543594,5.508605187,6.456216953,6.986030035,5.642499646,4.769948328,4.328493659,3.909989138,
St. Lucia,,,,,,,,,,,,,,,,,,,,,2.147383999,1.151338351,1.260049247,2.311266422,2.976655547,3.651534419,5.878915577,4.511878038,6.057042077,5.36299689,6.109839706,5.921435795,6.059557282,5.166524501,3.801490497,3.436984641,1.874461839,1.5073356,1.314130526,0.915466606,0.585555941,0.108009958,-0.363253293,-0.219303432,
St. Vincent and the Grenadines,,,,,,,,,,,,,,,,,,,,,1.136646156,2.440783459,0.854194612,2.767342743,4.423269706,5.346623451,5.479923377,5.330923815,4.155146371,5.017055169,6.946840347,4.931621247,5.576268044,5.682997152,4.728292925,5.396198694,5.038570249,4.368910976,3.605455937,3.788421381,3.272773459,3.548328511,2.72693514,1.779158425,
Sudan,,,,,,,,,,,,,,,,,,,,,0.629134518,0.544260242,0.495195993,-1.137021885,-1.376883145,-1.128131155,-1.545472085,-1.288019084,-1.024150405,-0.604786439,0.002559191,0.219510957,0.349397234,1.24164918,1.776423408,1.68927021,1.493235092,1.432798989,0.727654582,-0.498156116,-0.004725193,0.0659354,0.176606255,0.558650114,
Suriname,,,,,,,,,,,,,,,,,,,,,2.229575099,2.778256156,2.75552583,3.025850314,2.637364716,2.855923437,1.434578965,-0.786023276,-0.086118462,-0.308586482,0.068860662,-0.280993782,-0.625339109,-2.671196597,-4.386825242,-6.105515135,-2.421768857,0.213485583,-0.264606064,2.555078002,0.156995976,2.318873984,2.635808339,7.696601893,
Swaziland,,,,,,,,,,,,,,,,,,,,,7.16570599,6.682319234,5.4503465,3.604280625,2.864291014,2.030869587,2.679982439,2.944563272,2.594482615,2.551382575,2.966508997,2.840269272,2.679367658,2.864735845,2.811689529,3.053519937,2.404549388,1.655919602,1.486988385,1.679313156,1.425359468,2.241680599,2.835700366,2.359963379,2.410594576
Sweden,2.641899615,2.966497434,3.144587632,3.296121086,3.339662473,3.427268127,3.312066136,3.407385137,3.433689323,3.363923037,3.654661137,3.173758587,3.019730499,2.816147891,2.592553118,2.569546173,2.579502565,2.112123225,1.891271885,1.862290523,1.48201953,1.362594261,1.255659524,1.07384191,1.178491277,1.16369902,1.262630698,1.810768339,1.993042028,1.896022856,1.796191338,1.694537903,1.422548852,1.015036844,0.953759427,1.033724328,0.883383969,0.758658892,0.897181501,1.104676777,1.51347189,1.802708644,2.123678624,2.597270974,2.612005981
Switzerland,3.338408686,3.251293964,3.794387495,3.850828035,3.721064565,3.231019374,2.767741206,2.770326971,3.599287002,3.317907097,3.288136209,3.027881778,3.023198943,3.022852003,2.680112487,1.648647004,1.493852044,1.588397889,1.553491567,1.477963234,1.3232915,1.041240146,0.559617135,0.32137927,0.489338185,1.66901463,1.838494638,1.590586932,1.589964624,1.557542762,1.333105075,1.08127575,1.187425016,1.097368461,0.954494643,0.734964551,0.595572004,0.659530162,0.727785701,0.460775599,0.493097649,0.732667983,0.806510704,0.806810432,0.88007867
Syrian Arab Republic,,,,,,,,,,,2.545181736,3.112719911,2.565556585,3.268201985,2.771466834,4.194782324,6.16699732,4.073597436,5.339680746,4.425592579,5.955541764,6.130869017,4.266413135,4.89727768,2.970128112,1.198367952,-0.070294185,0.884841117,0.603555867,-1.539361363,-2.217934428,-2.438746301,-2.149036543,-1.767894675,-1.029154999,-0.141472441,1.368699502,2.11861784,1.473113127,2.650744555,2.796672051,2.056189975,1.823146985,1.560290194,
Taiwan,,4.300656695,3.963053497,4.008049412,4.361045287,4.71884559,5.199664179,5.58985547,5.924289226,6.175820123,6.776430231,7.446057761,8.092349545,8.538798263,7.471205175,6.968177592,7.502952363,7.526097805,8.004680172,7.951251253,7.545232155,6.934846705,6.011038669,5.642499665,6.67093241,6.737856396,6.640392702,6.963845593,6.481487972,6.601131311,6.618722629,6.816881258,7.265699981,7.185687071,6.906329287,7.074847571,6.566836351,5.976575039,5.661381043,5.438791204,5.450300781,4.566645536,4.264118389,3.92268762,3.791388079
Tajikistan,,,,,,,,,,,,,,,,,,,,,,,,,,,,,,,,,,,,,,,,,,,,-2.133169056,
Tanzania,,,,,,,,,,,1.471698626,2.136926123,1.624081126,1.391959706,-0.018589704,0.431689065,0.499934084,-0.036461832,-0.756563904,-0.706841385,-0.098172742,-0.066096798,-0.762415457,-1.101862498,-1.010539779,-1.437555616,-1.903276783,-1.585127778,-1.392813325,-1.450605288,-1.344781434,-0.741191468,-0.756215687,-0.389760662,-0.720089673,-0.354499404,-0.090713454,4.545482078,4.911491317,5.197408677,5.065081312,5.113540083,6.063418949,6.348332265,
Thailand,-0.523164247,0.419952788,1.30696447,3.048598878,2.798891384,4.426932889,5.030062398,4.617355715,5.302369873,4.935729999,4.876784422,5.244815682,4.770404515,4.863837982,4.786017654,4.664764705,4.722903149,5.03549953,5.496764597,5.070088507,4.603548274,4.673481074,5.240695085,4.620513629,4.870901997,5.075104567,4.580555571,4.309397579,4.067339474,5.049275784,5.85793566,5.941266344,6.205230373,6.87162835,7.040985193,7.008559383,7.06333865,6.309790643,4.541602664,3.983196511,2.941123956,2.480773057,2.124886006,2.079484656,
Togo,,,,,,,,,,,4.49959654,4.074069362,4.520278386,3.4008203,3.227573428,2.243604953,1.238789781,0.432889146,0.128449851,-0.004089698,0.093401409,-2.176264042,-2.702796868,-2.716735582,-2.429962144,-3.13208219,-4.096231336,-3.876070279,-3.657220327,-3.770762356,-3.640777209,-2.126750931,-2.523926953,-1.800710782,-1.511376553,-0.372733853,0.103026638,0.050736756,0.083174326,-0.57216527,-0.961901201,-1.265795961,-1.209806604,-0.33004518,-1.323157964
Tonga,,,,,,,,,,,,,,,,,,,,,1.757614797,5.345177803,6.791667491,7.372726037,8.813387392,9.114507154,9.055073123,9.124985621,9.160594288,9.645672983,9.579892142,6.717223335,4.47126418,4.43520237,2.274738239,2.091083405,1.307133925,1.230294237,1.580743855,1.25286028,0.937232669,0.179895556,0.94929473,0.376954257,
Trinidad and Tobago,6.213120242,6.427739275,6.012707301,6.480887869,6.620183277,5.32541057,4.904847568,4.440030499,4.413242681,4.470424989,3.75487827,2.151150479,3.518602651,3.094769913,3.010957052,3.349138314,3.693254869,3.570778226,3.880301873,3.350163046,4.089844722,4.981593823,3.694398255,2.232672498,1.142154274,0.306574631,-1.549266589,-1.916968332,-3.004027862,-3.354977778,-3.677426262,-3.802347593,-3.230489247,-2.182071543,-0.83634339,0.298083963,1.506254504,1.611983749,1.818214253,3.277986314,4.969870625,4.568072393,3.405352865,6.814067562,
Tunisia,,,,,,,,,,,,3.55395647,5.498008249,4.038421529,4.428996517,4.585355936,4.940762825,5.393495326,4.568758492,4.3196828,4.559013135,3.712897725,2.005770451,2.884471532,2.520853737,2.922289194,2.316882243,2.776921097,2.558303964,2.314880159,2.007346882,2.101432313,2.729356199,2.382803744,2.655177399,2.018245165,2.613826619,2.515951704,2.732943498,3.224735541,3.154305845,3.272523398,3.036169102,3.247491395,3.315664465
Turkey,3.913042136,2.109029008,1.848705828,1.631840231,2.999857171,2.285802867,3.203219857,1.670686349,1.673828177,2.370983171,2.959938927,3.182237181,3.412494398,2.683621231,2.736035101,3.271085402,3.315031602,3.47767758,2.946078582,2.38428267,1.699368188,1.623134375,1.223747457,1.52674724,1.803372933,1.438205129,1.157944362,1.420598797,1.508683374,1.63851048,2.884003087,2.576812871,2.891415429,3.125822588,2.007577262,2.275790171,2.340083867,2.271413788,2.411831135,2.099849637,1.828435541,0.99753917,1.074676822,0.787305264,2.113320243
Turkmenistan,,,,,,,,,,,,,,,,,,,,,,,,,,,,,,,,,,,,,,,,,,,,-1.640796734,
Uganda,0.315744764,-1.038419425,-0.756934701,0.706153897,1.040790342,1.053446121,1.210224992,1.161808414,1.885215524,1.744319017,1.942911816,2.330892212,1.967741947,1.550024105,1.183224395,0.961568779,0.326617201,0.01091015,-0.568389706,-2.930525128,-3.401239116,-4.21671704,-4.080663915,-3.667012398,-3.434307007,-4.084282868,-4.043563634,-4.459063434,-4.025734996,-1.553154056,-0.549650281,0.915207928,0.451415791,0.40183967,2.048530778,2.399674169,3.03646144,3.923268904,4.246534704,4.37478081,4.077964225,3.960169296,4.035460441,3.7476414,
Ukraine,,,,,,,,,,,,,,,,,,,,,,,,,,,,,,,,,,,,,,,,,,,,-1.248628107,
United Arab Emirates,,,,,,,,,,,,,,,,,,,,,17.01612827,15.00988179,13.99134759,7.566236265,-2.401874504,-4.570963892,-7.432382984,-7.292777722,-6.314677025,-6.29184695,-6.00242841,-5.579646259,-3.872073783,-3.350409616,-2.245075926,-0.662069172,2.944591129,3.257982388,3.709043819,2.839563787,2.440473766,2.919929897,2.927472126,4.742020431,
United Kingdom,2.302310245,2.027726265,2.138733258,1.992245001,2.114277835,1.994956679,2.041499695,2.140025794,2.461928327,2.329728576,2.159266492,2.262413222,2.485361088,2.895075636,2.368609978,2.092163821,2.280903046,2.145179821,2.168210094,2.300998871,1.897727186,1.5479946,1.382023201,1.019904878,1.347313525,1.753412625,1.823860204,2.1847687,2.370407876,2.302998522,2.5318689,2.459777844,2.331807138,2.197370249,2.370467752,2.2845404,2.150809082,2.01750619,1.8085332,1.865741294,2.188498379,2.557310824,2.705757752,2.695552767,2.570730069
United States,1.627989923,1.009345584,1.190079986,1.247531969,2.033820223,2.000097228,2.469621391,2.597702394,3.292185749,3.126056966,2.952418139,3.148595109,3.146478894,3.308799297,2.688513973,2.049591665,2.026748841,2.295175706,2.321625774,2.282808634,2.206339039,2.095392764,1.375183319,1.292087634,2.088001615,2.512826884,2.287293486,2.137477545,1.991349611,2.039345913,2.284080714,1.994354373,2.497419308,2.29826573,1.993677998,1.835247987,1.880144844,2.022454511,2.059970939,2.17022506,2.375353253,2.461083167,2.255818209,2.241123203,2.268082493
Uruguay,1.146690118,-0.240583989,0.29346868,-0.425469775,-1.041358965,-1.248492209,-0.731459227,-1.305953638,-0.454632177,0.438072918,0.443050924,0.502204224,0.233253159,0.779319165,0.854923348,1.617504363,1.631542478,2.079020558,2.611619726,2.819948927,2.975501737,3.010240513,2.292210023,1.083990152,0.558868356,0.06216785,0.631881223,1.431806999,0.724709618,-0.046694963,-0.627193527,-0.328847841,1.689833166,3.03422895,4.041272408,3.790558914,3.353641599,2.903877172,3.534881005,3.212338547,3.040031833,2.193406966,-0.376261903,-0.59082931,-0.190903873
Uzbekistan,,,,,,,,,,,,,,,,,,,,,,,,,,,,,,,,,,,,,,,,,-1.642500467,-1.139491098,1.867972625,0.321236838,
Vanuatu,,,,,,,,,,,,,,,,,,,,,2.371960443,2.545067441,3.318386052,4.25380173,1.747494169,1.810629921,2.06488024,1.194440792,-0.101983691,-0.049678482,1.547181947,2.38192193,2.207541585,0.154076402,-0.180685456,0.704160534,0.251352994,2.010258196,2.491325968,1.582794233,1.902455716,-0.663761454,-1.826482011,-0.907030776,
"Venezuela, RB",2.664427969,2.069061598,1.9476763,2.176136754,2.453675284,2.210210531,1.342039898,0.63543343,1.381916706,1.443484141,2.661335428,1.691620479,1.328167793,1.777268854,1.88490207,2.025497232,2.950990663,3.288796027,2.761282444,2.273164728,1.282159548,2.067293866,1.585478841,0.176492519,-0.749735261,-1.328560492,-1.634771735,-1.916862578,-1.522809073,-2.361967052,-1.624019468,-0.724953848,0.015234654,0.42001953,-0.039217166,0.360468797,-0.305334979,-0.010196006,-0.516001094,-0.106399191,-0.216810178,-0.763432946,-2.091408701,-2.580078886,-0.831645194
Vietnam,,,,,,,,,,,,,,,,,,,,,,,,,,,,,,,,,,,,,,,,4.390183641,4.267268279,4.462284819,4.531190094,4.632426941,
"Yemen, Rep.",,,,,,,,,,,,,,,,,,,,,,,,,,,,,,,,,,,,,,,,0.436230494,1.042593663,1.294710261,1.965369807,2.122452399,
Zambia,,,,,,3.597070043,3.067704959,2.075097215,3.219021625,1.536248304,3.41957184,2.948070544,4.976142004,4.784372527,2.591119825,1.429887287,3.072237999,1.545020941,1.773328878,3.684754881,1.174570083,1.529199671,0.384726042,0.759479886,1.229762746,-0.106851276,-2.189478503,-1.008535804,-0.950857169,-0.46466243,-1.423878189,-1.429550534,-1.899128391,-2.755472728,-3.542996723,-3.87063761,-2.98578099,-3.292679851,-3.560607857,-4.014726319,-2.516336617,-2.891232005,-1.664273276,-0.990689324,
Zimbabwe,,,,,1.485786574,1.44530154,0.344787723,-0.235057141,-1.419918641,0.671497976,2.37969817,2.907526709,3.575478007,3.94981126,4.720378009,3.760617151,3.475744986,2.299824331,4.102531505,2.66575051,1.142394146,1.861114155,1.080218847,1.406911512,-1.355849135,-0.994310424,-0.741134841,-0.019547049,0.348752319,0.735488677,0.66590758,0.185528591,-1.34498121,-2.106409815,0.224058865,-0.615518891,0.395253565,1.158752594,0.3214975,-0.567308285,-0.571738613,-2.130530701,-1.641740537,-2.287655057,
